{"93 Birchmount Rd, Scarborough, Ontario, Canada": [43.6956191, -79.2632036], "100 Ethennonnhawahstihnen' Ln., North York, Ontario, Canada": [43.7680853, -79.3751275], "25 Mendelssohn St, Scarborough, Ontario, Canada": [43.7146865, -79.2802879], "61 Holmfirth Ter, Scarborough, Ontario, Canada": [43.758976, -79.2185684], "55 Forest Manor Rd, North York, Ontario, Canada": [43.7721844, -79.344368], "35 Glen Long Ave, North York, Ontario, Canada": [43.7092608, -79.4565793], "150 Grenoble Dr, North York, Ontario, Canada": [43.7135548, -79.3263608], "1967 Ellesmere Rd, Scarborough, Ontario, Canada": [43.7755592, -79.2351695], "3600 Kingston Rd, Scarborough, Ontario, Canada": [43.740158, -79.2167185], "89 Church Ave, North York, Ontario, Canada": [43.7745516, -79.4083456], "190 Bermondsey Rd, North York, Ontario, Canada": [43.7228509, -79.3154875], "131 Finch Ave W, North York, Ontario, Canada": [43.7559816, -79.5236015], "925 Albion Rd, Etobicoke York, Ontario, Canada": [43.7191381, -79.5434436], "24 Freeland St., Toronto East York, Ontario, Canada": [43.6435658, -79.3738], "1507 Lawrence Ave W, Etobicoke York, Ontario, Canada": [43.6989396, -79.5208814], "2539 Bayview Ave, North York, Ontario, Canada": [43.7476518, -79.383454], "600 Roding St, North York, Ontario, Canada": [43.7279247, -79.4915797], "31 Glen Watford Dr, Scarborough, Ontario, Canada": [43.7884885, -79.276042], "6000 Leslie St., North York, Ontario, Canada": [43.800115, -79.3712199], "200 Eglinton Ave W, North York, Ontario, Canada": [43.6925746, -79.4636907], "20 Covington Rd, North York, Ontario, Canada": [43.720779, -79.4321831], "270 Rouge Hills Dr, Scarborough, Ontario, Canada": [43.7921135, -79.1251455], "2231 Lawrence Ave. E, Scarborough, Ontario, Canada": [43.747601, -79.2800543], "20 Canadian Rd, Scarborough, Ontario, Canada": [43.7608677, -79.2926786], "875 Morningside Ave, Scarborough, Ontario, Canada": [43.7907754, -79.1936912], "2975 Don Mills Rd. W, North York, Ontario, Canada": [43.783906, -79.3526845], "63 Pharmacy Ave, Scarborough, Ontario, Canada": [43.6941465, -79.2839592], "8450 Sheppard Ave East, Scarborough, Ontario, Canada": [43.8042937, -79.1901416], "23 Grandravine Dr, North York, Ontario, Canada": [43.7517796, -79.4896362], "5100 Yonge St, North York, Ontario, Canada": [43.7672407, -79.4146694], "41 Ancaster Rd, North York, Ontario, Canada": [43.7319545, -79.4658154], "5 Replin Rd, North York, Ontario, Canada": [43.7180395, -79.4422426], "91 Eastpark Blvd, Scarborough, Ontario, Canada": [43.7556401, -79.2274466], "292 Manse Rd, Scarborough, Ontario, Canada": [43.7687341, -79.1772779], "2467 Eglinton Ave E, Scarborough, Ontario, Canada": [43.7326575, -79.261697], "2500 Birchmount Rd, Scarborough, Ontario, Canada": [43.786537, -79.3023569], "30 Sewells Rd, Scarborough, Ontario, Canada": [43.8085674, -79.2161218], "2239 Lawrence Ave E, Scarborough, Ontario, Canada": [43.7487696, -79.2779528], "140 Antibes Dr, North York, Ontario, Canada": [43.7811986, -79.4469847], "1081 Progress Ave, Scarborough, Ontario, Canada": [43.793965, -79.2342778], "4169 Bathurst St, North York, Ontario, Canada": [43.7534966, -79.4378081], "545 Van Horne Ave, North York, Ontario, Canada": [43.786958, -79.3369757], "29 St Dennis Dr, North York, Ontario, Canada": [43.71812, -79.332], "64 Rylander Blvd, Scarborough, Ontario, Canada": [43.7981507, -79.1504049], "4325 Mccowan Rd, Scarborough, Ontario, Canada": [43.8288558, -79.2750531], "2650 Finch Ave W, Etobicoke York, Ontario, Canada": [43.7462419, -79.5681163], "2000 Mcnicoll Ave, Scarborough, Ontario, Canada": [43.8121996, -79.30222], "45 Goulding Ave, North York, Ontario, Canada": [43.790698, -79.4220765], "1700 Finch Ave E, North York, Ontario, Canada": [43.7940015, -79.351309], "1501 Albion Rd, Etobicoke York, Ontario, Canada": [43.7191381, -79.5434436], "277 Orton Park Rd, Scarborough, Ontario, Canada": [43.7774536, -79.2108076], "2213 Dufferin St, Toronto and East York, Ontario, Canada": [43.6911852, -79.4479561], "181 Westview Blvd., Toronto and East York, Ontario, Canada": [43.7099489, -79.3067674], "953 Gerrard St E, Toronto and East York, Ontario, Canada": [43.6680567, -79.33863459999999], "115 Black Creek Dr, Etobicoke York, Ontario, Canada": [43.6877156, -79.4819328], "15 Clubhouse Crt, Etobicoke York, Ontario, Canada": [43.7455197, -79.50006929999999], "48 Thorncliffe Park Dr, North York, Ontario, Canada": [43.7029316, -79.3427304], "3100 Weston Rd, Etobicoke York, Ontario, Canada": [43.7329818, -79.5391641], "105 Norseman St, Etobicoke York, Ontario, Canada": [43.6342659, -79.5165117], "333 Annette St, Toronto and East York, Ontario, Canada": [43.6611886, -79.4740543], "155 Crawford St, Toronto and East York, Ontario, Canada": [43.646297, -79.41468859999999], "150 Greenwood Ave, Toronto and East York, Ontario, Canada": [43.6686448, -79.3291284], "455 Glebeholme Blvd, Toronto and East York, Ontario, Canada": [43.6863481, -79.3211448], "6 Williamson Rd, Toronto and East York, Ontario, Canada": [43.673986, -79.2987412], "75 Lansdowne Ave., Toronto and East York, Ontario, Canada": [43.6434042, -79.4374673], "630 Renforth Dr, Etobicoke York, Ontario, Canada": [43.65604769999999, -79.5827434], "175 Mount Olive Dr, Etobicoke York, Ontario, Canada": [43.7497927, -79.59561289999999], "141 Close Ave., Toronto and East York, Ontario, Canada": [43.6385579, -79.4346102], "10 Rampart Rd, Etobicoke York, Ontario, Canada": [43.7347819, -79.5887103], "850 Humberwood Blvd, Etobicoke York, Ontario, Canada": [43.7267151, -79.617925], "201 Winchester St, Toronto and East York, Ontario, Canada": [43.6677127, -79.36104], "95 Black Creek Dr, Etobicoke York, Ontario, Canada": [43.6876055, -79.47891349999999], "1369 St. Clair Ave W, Toronto and East York, Ontario, Canada": [43.6755163, -79.4521656], "1081 Pape Ave, Toronto and East York, Ontario, Canada": [43.6912863, -79.34923069999999], "1260 Dufferin St, Toronto and East York, Ontario, Canada": [43.6673429, -79.43953379999999], "66 Sheridan Ave, Toronto and East York, Ontario, Canada": [43.6474753, -79.4332033], "870 Queen St E, Toronto and East York, Ontario, Canada": [43.661372, -79.34479549999999], "640 Dundas St E, Toronto and East York, Ontario, Canada": [43.6611957, -79.3610759], "495 Sherbourne St, Toronto and East York, Ontario, Canada": [43.6677061, -79.374601], "2 Orianna Dr, Etobicoke York, Ontario, Canada": [43.6017737, -79.5478411], "155 Culford Rd., Etobicoke York, Ontario, Canada": [43.706046, -79.486794], "230 The Esplanade, Toronto and East York, Ontario, Canada": [43.6497632, -79.36496369999999], "1757 Gerrard St E, Toronto and East York, Ontario, Canada": [43.67657579999999, -79.3152234], "90 Thirty First St, Etobicoke York, Ontario, Canada": [43.5938108, -79.5300689], "15 Waller Ave, Toronto and East York, Ontario, Canada": [43.6440127, -79.47699310000002], "1386 Victoria Park Ave, Toronto and East York, Ontario, Canada": [43.7176507, -79.3017978], "50 Falstaff Ave, Etobicoke York, Ontario, Canada": [43.7166207, -79.5038016], "402 Shuter St, Toronto and East York, Ontario, Canada": [43.6581487, -79.3617787], "220 Cowan Ave, Toronto and East York, Ontario, Canada": [43.6407742, -79.43323470000001], "91 Barrington Ave, Toronto and East York, Ontario, Canada": [43.6918065, -79.3016778], "816 Logan Ave, Toronto and East York, Ontario, Canada": [43.6772558, -79.350523], "56 Woodfield Rd, Toronto and East York, Ontario, Canada": [43.6658498, -79.3226322], "485 Montrose Ave, Toronto and East York, Ontario, Canada": [43.6629705, -79.4206573], "454 Avenue Rd, Toronto and East York, Ontario, Canada": [43.6850458, -79.40122410000001], "2 Gledhill Ave, Toronto and East York, Ontario, Canada": [43.6874319, -79.30932609999999], "2 Rowntree Rd, Etobicoke York, Ontario, Canada": [43.7522074, -79.58450300000001], "4401 Jane St, Etobicoke York, Ontario, Canada": [43.7654205, -79.5187498], "15 Grierson Rd, Etobicoke York, Ontario, Canada": [43.7126562, -79.5426236],